{
"physicsSize": [ 38.400001525878906, 21.600000381469727 ],
"graphicSize": [ 1280, 720 ],
"galaxy": "whirlpool",
"background": "wp background",
"astronaut 1": {
	"pos": [ 2.7087202072143555, 5.076109886169434 ],
	"size": [ 0.9000000357627869, 1.290000081062317 ],
	"texture": "astronaut 1",
	"glow texture": "glow"
},
"astronaut 2": {
	"pos": [ 4.453887462615967, 6.3154497146606445 ],
	"size": [ 0.9000000357627869, 1.290000081062317 ],
	"texture": "astronaut 2",
	"glow texture": "glow"
},
"rope": {
	"texture": "rope",
	"rope width": 6.0
},
"planet specs": [ 700.0, 800.0, 900.0, 1000.0 ],
"planets": [
	{
		"x": 2.8500001430511475,
		"y": 1.739999771118164,
		"i": 1
	},
	{
		"x": 15.24000072479248,
		"y": 10.019999504089355,
		"i": 3
	},
	{
		"x": 33.12000274658203,
		"y": 9.899999618530273,
		"i": 3
	}
],
"anchors": [
	{
		"x": 24.0,
		"y": 16.68000030517578,
		"texture": "anchor"
	}
],
"stars": [],
"worm": [],
"portalpairs": []
}