{
"physicsSize": [ 38.400001525878906, 21.600000381469727 ],
"graphicSize": [ 1280, 720 ],
"galaxy": "whirlpool",
"background": "wp background",
"astronaut 1": {
	"pos": [ 2.603384494781494, 6.122952938079834 ],
	"size": [ 0.9000000357627869, 1.290000081062317 ],
	"texture": "astronaut 1",
	"glow texture": "glow"
},
"astronaut 2": {
	"pos": [ 4.532057285308838, 6.665614604949951 ],
	"size": [ 0.9000000357627869, 1.290000081062317 ],
	"texture": "astronaut 2",
	"glow texture": "glow"
},
"rope": {
	"texture": "rope",
	"rope width": 6.0
},
"planet specs": [ 700.0, 800.0, 900.0, 1000.0 ],
"planets": [
	{
		"x": 3.120000123977661,
		"y": 3.6599998474121094,
		"i": 1
	},
	{
		"x": 12.0600004196167,
		"y": 10.019999504089355,
		"i": 3
	},
	{
		"x": 28.470001220703125,
		"y": 10.140000343322754,
		"i": 3
	}
],
"anchors": [
	{
		"x": 29.850000381469727,
		"y": 9.960000038146973,
		"texture": "anchor"
	},
	{
		"x": 18.57000160217285,
		"y": 17.520000457763672,
		"texture": "anchor"
	}
],
"stars": [],
"worm": [],
"portalpairs": []
}