{
"physicsSize": [ 38.400001525878906, 21.600000381469727 ],
"graphicSize": [ 1280, 720 ],
"background": "background",
"astronaut 1": {
	"pos": [ 2.7101845741271973, 5.076592445373535 ],
	"size": [ 0.9000000357627869, 1.290000081062317 ],
	"texture": "astronaut 1",
	"glow texture": "glow"
},
"astronaut 2": {
	"pos": [ 4.452014923095703, 6.315947532653809 ],
	"size": [ 0.9000000357627869, 1.290000081062317 ],
	"texture": "astronaut 2",
	"glow texture": "glow"
},
"rope": {
	"texture": "rope",
	"rope width": 6.0
},
"planet specs": [ 700.0, 800.0, 900.0, 1000.0 ],
"planets": [
	{
		"x": 12.450000762939453,
		"y": 9.75,
		"i": 1
	},
	{
		"x": 2.6100001335144043,
		"y": 0.8099994659423828,
		"i": 3
	}
],
"anchors": [],
"stars": [],
"worm": []
}