{

"physicsSize": [ 38.400001525878906, 21.600000381469727 ],

"graphicSize": [ 1280, 720 ],

"galaxy": "whirlpool",

"background": "background",

"astronaut 1": {
	
"pos": [ 2.8548712730407715, 5.11526346206665 ],
	
"size": [ 0.699999988079071, 0.949999988079071 ],
	
"texture": "astronaut 1",
	
"glow texture": "glow"

},

"astronaut 2": {
	
"pos": [ 4.362182140350342, 6.324533939361572 ],
	
"size": [ 0.9381107687950134, 1.3441389799118042 ],
	
"texture": "astronaut 2",
	
"glow texture": "glow"

},

"rope": {
	
"texture": "rope",
	
"rope width": 6.0

},

"planet specs": [ 700.0, 800.0, 900.0, 1000.0 ],

"planets": 
[
	
{
		"x": 17.949186325073242,
		"y": 6.0642547607421875,
		"i": 1
	},
	
{
		"x": 10.256677627563477,
		"y": 11.347033500671387,
		"i": 1
	}
],

"anchors": [
	{
		"x": 19.794137954711914,
		"y": 13.191316604614258,
		"texture": "anchor"
	}
],

"stars": [
	{
		"x": 25.547883987426758,
		"y": 11.315773963928223,
		"texture": "star"
	}
],
	"worms": []
}